study_hours,sleep_hours,attendance,test_score,distraction_level,physical_activity,maths_difficulty,physics_difficulty,chemistry_difficulty,ai_robotics_difficulty,english_difficulty,physical_education_difficulty,study_plan
4.370861069626263,7.839889427108599,59.25664644193098,66.33572495953527,7,0.5703765763276349,10,7,4,9,6,7,Heavy
9.556428757689245,6.948530014892662,77.0950473689179,63.54273143408117,3,3.5603881407352334,4,3,10,1,5,3,Medium
7.587945476302646,5.702401889574802,93.64729179382041,31.7949446064505,7,1.3835098429514296,3,3,1,4,10,10,Medium
6.387926357773329,8.475872608388219,86.61124432047805,53.887347933830945,8,0.6178389888932951,2,2,9,4,6,4,Medium
2.4041677639819286,7.766021449046336,90.32805739307248,56.613693315009996,10,0.10179103962300351,9,9,4,2,9,10,Heavy
2.403950683025824,4.8943931663969025,82.93916833553587,57.91759466278303,6,2.583289545145937,1,3,7,6,7,9,Medium
1.5227525095137953,9.010099514716133,84.61382822589263,70.61206584591326,10,2.547609269818973,7,5,3,3,10,10,Heavy
8.795585311974417,8.52395483607743,92.45978257826596,67.3521782708815,9,1.3624166663251667,5,9,10,7,10,10,Medium
6.41003510568888,9.223899523105583,62.483400442959294,72.55335649554112,6,0.286847555390604,8,8,3,5,9,1,Medium
7.372653200164409,7.99145729613598,74.47124818215703,83.54182830794898,9,1.638515579580928,4,2,8,4,4,2,Medium
1.185260448662222,7.373783577646844,61.06047209098011,86.90900171012655,4,1.2448699802535743,7,3,8,5,2,5,Medium
9.72918866945795,6.300336699598404,99.38340039983234,80.2686153358546,8,2.7084825589400374,5,2,1,8,8,3,Light
8.491983767203795,9.130006658447073,97.20296698433066,96.88665871684543,4,2.4231169978107614,5,8,10,3,4,2,Light
2.9110519961044856,8.763351392252247,51.9713405684253,31.276280787345314,2,1.45837491279016,9,6,2,7,9,1,Heavy
2.636424704863906,4.248702685584042,85.27875862578442,43.70445899784823,10,0.8715702170199604,9,6,8,6,4,10,Heavy
2.650640588680904,4.145018359734886,96.26241587078329,30.52940124846995,9,3.9521438646223674,9,9,1,1,8,3,Heavy
3.7381801866358395,6.070548517829273,59.02876725636668,75.32322999082221,5,1.8160064847844595,6,8,8,7,9,1,Medium
5.72280788469014,8.458043319300081,78.39726152763147,92.86213842649909,4,2.753096943120948,6,4,8,7,9,1,Medium
4.887505167779041,9.430018711232194,95.77441487940209,47.043760760340945,2,0.5622118703134431,5,4,2,1,10,1,Medium
3.6210622617823773,4.827292901069405,51.69729892928994,94.89241813574147,1,1.9423587986375912,9,9,4,9,4,8,Medium
6.506676052501415,7.267718934436743,84.871013362342,34.21871732026926,7,0.11014687947786195,10,1,6,6,1,3,Medium
2.2554447458683766,6.094899711470618,64.86745036862754,95.410521876386,6,2.0218204716418,8,2,9,2,3,1,Medium
3.629301836816963,9.334529187980317,96.21980976882652,54.61358810677441,2,3.8560696284708094,7,2,8,5,9,7,Medium
4.297256589643226,8.631654077246399,98.55291225826838,37.099457991445156,8,1.536826851943201,7,6,8,4,4,10,Heavy
5.104629857953324,8.61080787591126,97.2133244556717,64.01102314304279,4,0.15598405029964635,6,4,7,7,5,3,Medium
8.066583652537123,6.577812378872336,73.71071083287319,47.97435974043556,8,0.12382316367737412,5,10,9,8,7,8,Heavy
2.7970640394252375,6.281507262857159,93.10213254946567,49.94110313733459,7,1.551947039787478,4,3,2,1,5,4,Medium
5.628109945722504,5.503738895618884,92.22746992675351,51.51029754484006,5,0.6400997458527762,3,3,3,5,4,4,Medium
6.331731119758382,4.310065231580099,65.95502366216279,86.21181284828644,10,0.09340838531274365,3,3,10,3,2,5,Medium
1.4180537144799796,8.755973069402792,91.44577370753387,67.74128936726781,10,3.0248544558007073,6,6,8,1,2,6,Medium
6.467903667112945,8.470955550215427,51.85038173577463,51.791538940920255,8,1.8340920355275627,4,8,6,3,4,7,Heavy
2.5347171131856236,9.498447203073718,79.81349392410266,72.72336483176429,9,1.156979087890618,6,7,10,6,10,4,Heavy
1.5854643368675156,9.48150260390648,61.50044186438515,80.13054719562355,5,3.600332732065923,3,4,9,7,10,8,Heavy
9.539969835279999,7.054874380814451,56.02834428886394,49.083680051347365,10,0.46455584080210244,4,4,10,8,9,6,Heavy
9.690688297671034,8.229430783492807,53.84766008146046,58.948437106774605,5,3.823675315821277,9,10,4,4,8,1,Medium
8.275576133048151,9.196211514353354,84.81443879390699,38.53202653358633,2,1.2558668695094113,5,2,8,3,3,1,Medium
3.741523922560336,8.673060648725762,66.9937481884033,42.68045446742762,5,3.553614689234725,7,1,10,5,9,9,Heavy
1.8790490260574548,5.360414559587587,86.23833857643808,77.6782497775488,3,2.411771505917846,10,9,3,9,5,10,Medium
7.158097238609412,6.4779927442055145,53.26781703994712,42.70068433869389,7,3.30682943896595,2,2,3,6,3,6,Heavy
4.961372443656412,4.710376783333222,65.76451689153052,66.76143685669422,10,3.936052652841857,5,8,8,9,5,10,Heavy
2.0983441136030097,9.247280649922974,76.97456461876686,79.63323832057029,5,1.153621751274983,9,9,5,6,10,8,Medium
5.456592191001432,7.33396048947984,89.53615824194819,37.48138461663207,8,3.844541941630372,3,4,3,2,4,7,Medium
1.3094966900369656,5.257535430269045,65.9376251466035,69.71185537402326,1,1.5579275796096814,9,8,10,5,8,6,Heavy
9.18388361870904,7.694353764232212,81.29456882185045,47.95939485909547,3,1.5420476189476893,6,9,1,9,5,4,Medium
3.3290198344001523,7.399705322518427,94.29888741180935,97.40488126663058,3,1.3615484170180228,4,10,3,8,10,7,Medium
6.962700559185838,5.969894949180623,80.79315940911523,63.84819527039473,9,2.165630429390341,7,10,9,7,8,9,Heavy
3.8053996848046987,4.624566757097959,61.64797373768169,86.41947848426108,5,0.6165801727139484,8,5,5,1,9,10,Medium
5.680612190600297,7.693652575760398,51.220039077826904,68.51585795093833,9,2.2148459414320447,6,7,10,4,4,10,Heavy
5.920392514089517,6.861692354970863,93.50494369504649,33.03887729983734,9,2.166819249640016,5,10,2,7,7,7,Heavy
2.6636900997297435,8.247751154546016,51.063470542519354,74.32059629158157,1,3.04760725041948,6,4,7,7,2,1,Medium
9.726261649881026,6.860899256115964,93.73508363420997,96.598233954466,2,3.3345998477503422,5,1,2,6,6,10,Light
7.976195410250031,8.68699825175197,76.4468567013606,72.11282741024318,5,1.7617654012496962,8,3,4,8,8,9,Medium
9.455490474077703,7.03548761325967,96.95338492564481,87.34322015987532,4,1.209332997405975,1,5,7,6,7,4,Light
9.053446153848839,7.085158843444624,89.93916178868326,91.89445243438854,10,1.0373395892683779,7,3,4,10,7,3,Medium
6.381099809299767,8.821594814620898,99.89670552666686,45.96558403642527,9,0.7784953468194877,10,7,7,3,8,4,Medium
9.296868115208051,6.219155764168184,67.53559077258551,44.84313879357586,7,0.23059032879609953,10,9,7,4,7,4,Heavy
1.7964325184672756,4.737083756478524,88.35941444655634,72.76866921956942,6,1.3697919153388534,2,6,1,3,5,10,Medium
2.763845761772307,4.158304719723365,70.0965456804621,58.771992886469334,7,1.080990768523133,9,10,6,1,7,2,Heavy
1.4070456001948426,8.153254906204904,73.99378101519544,88.79029120067042,1,3.8656695434656294,1,1,9,10,10,1,Medium
3.927972976869379,7.411702532444055,81.37527316091851,93.00161863786079,1,2.2308353050001757,10,7,2,5,3,10,Medium
4.498095607205338,7.872438724545729,93.68385570931693,54.73949655119027,8,1.3891081561220302,6,3,3,1,5,1,Medium
3.442141285965063,5.171302888299009,99.20417345996475,46.58093912821374,2,2.321870403974784,9,5,10,1,7,8,Medium
8.458637582367365,4.750043115727234,88.41367069322591,84.63678606707032,10,0.556786805382782,1,10,5,2,9,2,Medium
4.210779940242304,4.079995661173351,70.8883391083667,49.23642248836953,9,1.7761749968088116,4,4,9,4,2,10,Heavy
3.5284105871864266,5.928231573436284,71.06785011385351,87.58300229595748,7,2.5049372856842553,4,10,4,6,4,5,Medium
5.884264748424236,7.244547277700482,86.87911507944457,59.66167775541339,6,1.9555913271698055,9,5,1,8,7,4,Medium
2.2683180247728636,6.157342248048527,61.938857288415115,76.72849295040294,1,1.607115202617297,5,5,4,3,1,8,Medium
8.219772826786357,6.40611207113051,55.52370565656973,36.68747196842677,1,3.9753935555987927,5,6,6,1,2,2,Medium
1.6709557931179373,8.972872819715615,67.73110788203883,73.67015272736012,2,3.521259048595708,6,10,5,3,9,10,Medium
9.881982429404655,5.915405068628152,64.36194958270409,61.62373751160604,6,2.4936238326377604,1,10,1,3,10,9,Medium
7.9502029236699165,6.8269421903789596,64.81540602279951,71.06259242228319,6,2.277509444729131,1,6,4,5,7,7,Medium
2.7884411338075514,8.310091570076287,61.680387552495496,41.76099454214044,2,2.482641919298336,9,8,6,4,10,7,Heavy
1.0496990541124216,6.180985302766986,52.104659481818096,81.58116214609275,1,0.805248431289733,3,8,10,4,7,1,Medium
8.339152856093508,7.4214768512533045,50.89369673667069,90.39579542802599,10,1.5805509730572744,4,9,10,9,6,2,Medium
7.361716094628554,8.7430003981071,99.38611948680158,45.171786006354296,5,0.15783813156359727,1,8,4,7,3,4,Medium
7.561064512368886,9.222363430117031,71.38865668679311,36.70001888641132,5,1.9021841499473067,9,2,9,4,10,4,Heavy
7.941433120173512,4.808904145109708,69.21633235798409,31.654701023243547,2,2.1720983358306527,8,10,5,3,3,3,Medium
1.6664018656068134,9.096231938388218,83.9823641346535,74.93800503102862,6,0.9109989444128384,2,1,8,6,2,7,Medium
4.226191556898454,6.70663961193746,60.912694393253204,72.49658252621465,9,3.856115388662055,8,10,9,3,6,8,Heavy
2.0428215357261674,5.420344135644271,97.49805919751127,68.2688188899849,2,3.637818443748968,7,2,10,6,4,2,Medium
8.767930832880342,6.525246659310437,89.3172507207776,46.236296728118276,10,2.8885729418236235,6,2,5,9,5,4,Medium
6.609683141448022,9.390179164070123,54.47055011561297,57.36341971338602,2,2.1335465150614503,1,3,6,6,3,3,Medium
3.9780822236738427,6.709399516960783,70.87903878924642,71.61334346303212,3,3.47987663859074,7,10,1,4,6,2,Medium
1.5720251525742128,5.808133856581295,93.95591537810824,64.77368012014185,7,0.5226093752938517,10,7,7,5,3,6,Medium
3.79884089544096,7.483704698741992,97.2366011145705,99.14498641504211,6,3.16203917709954,7,2,4,6,8,4,Light
3.9266498982407234,5.320800903280062,73.37007556249348,39.550782678971316,8,0.4992832558673932,9,1,2,3,9,6,Heavy
7.566455605042576,4.417248304597652,80.67056946053539,78.66011878333157,8,3.1768426501976217,1,6,5,8,4,2,Medium
6.738017242196918,4.708838470508571,58.35169730460376,58.30231376730045,6,1.1030702730054278,2,9,3,4,9,4,Medium
8.98491468318694,4.7042521142677485,99.55843130684883,59.973973044793034,10,3.5083623240727557,9,3,6,8,7,6,Medium
5.249934326457543,4.835464814317619,61.58358506917217,80.23184359607234,3,3.7761683753015913,9,6,8,10,3,5,Medium
2.0763482134447155,4.763549449571756,97.13658870675629,78.47053059270587,3,0.5951838776204625,6,3,7,10,7,3,Medium
7.419203085006955,7.524811096417681,82.48233244961843,99.38791955915318,1,1.850702420261574,6,1,3,3,1,8,Light
7.847065437552077,5.000340464195297,80.38683974394296,38.98760026178877,7,3.9239495126507404,4,5,8,10,3,7,Heavy
6.051494778125466,5.901170058281248,75.63442555082543,37.28767545689164,5,1.9336297438925865,4,10,2,7,6,3,Medium
7.938704619591049,8.932336254483065,61.53349058588793,80.70371719901189,4,3.4541900900581806,5,4,10,9,4,6,Medium
5.444160367279517,6.606789021445798,58.82640160027542,70.48708419044863,10,2.3549260885252794,3,7,9,4,7,4,Heavy
5.704595464437946,7.67156756186565,61.02431045350877,49.19124665918641,4,1.5013196316784074,1,6,4,8,3,5,Medium
4.847869165226946,4.947759291608964,59.32191310721272,35.55935582922906,4,1.1431342221034808,1,10,1,3,1,5,Heavy
1.2287721406968566,5.057589603447689,88.97922367833766,35.99607747175014,6,0.8128923643443491,7,7,8,7,9,7,Heavy
1.97102284293974,4.2247773894656335,67.5062629583365,92.59336122648827,8,3.047192765510789,1,5,7,3,6,5,Medium
1.2828626711806081,4.929142846896905,52.89213382816982,43.430712730312,8,1.5461620272921115,1,4,5,7,8,3,Heavy
6.727693701374023,5.5322468646757725,98.45513150704056,52.63600934808645,5,2.0451018488030046,3,7,10,10,3,10,Medium
3.82920382968694,4.973557663522108,94.18929424817128,45.86594815588916,6,1.9693019200047277,10,7,5,10,8,5,Heavy
5.577136220482325,4.487863935663806,96.38761415976064,54.849741408235616,4,2.309116116932525,4,6,7,6,2,7,Medium
9.168098265334837,4.663497291053305,99.74539113232177,34.85966899222654,9,3.462308582498209,4,8,5,2,4,5,Medium
3.2436300623398746,6.534283224179992,58.69476246097437,66.33418536357892,8,3.9229573743337176,2,4,8,3,3,5,Heavy
4.693446307320667,5.134835451231859,69.81210094513294,34.73287945145504,10,1.6303368342952678,1,10,6,6,10,9,Heavy
7.799960246887438,6.0034842357644145,87.91192378520456,86.02495554756531,10,3.3100756884252123,3,5,5,4,1,3,Light
3.059183489424602,6.768794989701712,84.8010309026896,46.35984573373031,1,3.0581111786188706,4,4,9,6,7,6,Medium
1.6928191884591368,7.797171557461509,57.69479531699275,67.80083402231574,2,2.294115805822293,3,1,2,1,10,1,Medium
3.6077630762239123,4.216216769126044,90.79165624953089,91.60553612930208,9,3.8241885744477324,8,8,1,10,2,10,Medium
2.4509915852860398,8.396757193999735,61.22202859183304,75.56141583330358,8,0.8018980621136111,10,1,8,1,4,5,Medium
9.367278871083158,7.453452142199993,61.19088074113115,67.30704505859347,3,0.43705684123848565,1,5,3,3,9,8,Medium
8.273083416079754,4.4496746757187955,76.84872114467068,52.70336271807629,8,3.4158478678216886,2,6,7,8,6,5,Medium
6.700633808593811,8.804682432587274,79.64699674208515,53.31013391407386,1,1.7565992665349932,7,6,10,8,8,9,Medium
8.84314531168946,9.064798202924973,79.00431039189056,76.86408686387331,10,3.387875416828242,4,5,8,4,2,6,Medium
8.23304869209203,4.33592877920175,54.574341869887746,99.58975528548173,4,3.5723608207816597,8,3,6,6,7,8,Medium
2.6791305299743224,5.52282706480962,93.87304313151901,76.3287432894565,3,0.24983037447628575,3,5,10,8,6,10,Medium
9.0330309864098,8.434107038861837,63.2800021294353,69.04483921590175,6,3.5338590519442428,6,8,9,7,9,8,Medium
5.854080177240856,8.115428297110121,56.47574606414021,81.14553571674722,7,1.7932762214776887,9,2,7,7,7,3,Medium
8.266961396476564,5.014865606460075,94.43740399344887,62.56439285986027,4,2.041729956016929,1,6,10,4,1,7,Medium
9.06482169931144,5.151421278351907,97.78257491148767,34.209963982054965,7,2.506370044372841,1,9,5,9,8,7,Medium
3.8620312747467747,6.037596565352601,93.10638086327253,69.36077711145369,9,3.705530426920347,8,8,8,10,10,10,Heavy
1.9904673207490908,6.664876418550618,90.4758037362439,97.03376991537661,2,0.07646437771905612,3,8,2,6,3,6,Light
3.051416462877475,7.400401243416628,82.7620990319511,42.271205965036174,3,1.9073738732712684,5,8,7,3,2,7,Medium
4.843970097636307,6.029025017633748,77.54286853045696,78.3003423574466,5,2.7508881697222427,1,7,4,5,3,2,Medium
8.362132893302437,6.543940938732313,54.34933799557051,44.06535820613395,3,2.890827830792914,5,8,9,5,6,9,Heavy
8.74657524930709,8.11109015973566,70.42266065353493,67.50793791311568,8,2.770129726148432,6,6,1,5,3,10,Medium
1.0625691747807164,4.201757615898289,68.6344258506157,36.767351475270374,10,0.5377405176324874,8,2,7,8,10,10,Heavy
5.596725723198092,5.388403193892114,62.98768918801631,61.52596553807296,8,1.197582353486725,3,2,6,9,5,1,Medium
4.7566990283390105,7.923422722365038,86.17100568442925,82.93143302266722,8,1.4348621016680538,3,8,8,9,6,1,Medium
2.9989702942365724,8.923637607279597,74.79378675393855,54.330006696728745,9,3.21774883071802,10,1,5,6,8,3,Heavy
2.0787883060031453,6.814225931636164,54.0523107953824,76.54382071410527,4,1.115039489658212,9,6,1,6,7,3,Medium
4.038536542632651,6.926624168959236,61.009160097490565,85.68149725528104,5,0.8428198554688127,4,6,1,9,8,1,Medium
9.486187335212673,4.5894460623687685,84.16293818297979,94.90244736356169,5,3.8297920761523847,4,4,9,4,3,7,Light
3.908826388186797,6.460768017529,53.80654297451501,46.42494572988175,8,0.0354531404538756,7,10,10,6,4,4,Heavy
5.669115595690295,6.9293949655026275,92.56034570243844,57.95211410665157,7,3.991283422727913,2,3,6,4,6,10,Medium
7.3271706300566,5.333587769991013,74.75732635069872,40.66912093312922,9,2.7072851954295825,8,3,10,1,7,2,Heavy
4.272666421413646,5.480837770221595,74.0293288663324,99.47384515108627,8,3.3138771977964683,6,1,5,7,9,10,Medium
9.746038744488645,6.075062897075425,79.62038923297588,94.89006775470067,2,1.1784775853847727,3,3,1,10,1,5,Light
9.662025654479,4.110391587777495,91.23404829625746,67.79699911963917,10,0.05726111066823991,9,4,6,6,8,6,Medium
3.2660406624282774,5.771435410707481,67.39046039510966,88.94233060634949,4,2.95147807424612,5,5,6,9,8,9,Medium
5.475236553031469,5.162964038480996,83.90080762795318,66.46705840904295,6,3.336578388002703,8,3,3,7,6,4,Medium
3.707904788350927,5.801235436978531,78.28659819978955,73.65099816019318,2,2.9619045278140765,7,6,8,7,4,2,Medium
3.5635644493972087,4.658691725005882,63.35141350847107,36.238710248121166,7,0.5714011492033544,8,5,1,2,3,5,Heavy
1.3319825261907952,8.897900044069422,93.9314993177579,82.86892943477656,3,3.0137116890278763,7,3,1,9,3,3,Medium
6.486079005819072,7.264758494547268,89.8713010803464,38.939943854466435,3,3.075691128430564,3,6,6,10,6,2,Medium
5.524111209059753,7.735062755294693,82.92259173292128,87.824734117677,2,2.6341620626802196,2,6,10,9,8,1,Light
1.463308761249904,8.34044181234036,92.52908645471209,84.741966136927,8,3.064463731182345,7,8,1,6,7,10,Medium
3.507818178129503,6.741432094109815,93.36471004799012,79.61212884200836,6,3.3836857587109286,3,2,6,3,1,2,Light
9.174392973699883,4.47806158448083,85.41814883575174,32.53122663673335,1,2.4544164569498337,3,1,1,1,6,6,Medium
3.1560570160027517,6.954085980002013,91.85066641818361,51.218984916173,1,0.35441885587871624,2,4,6,4,7,8,Medium
2.304053848821008,7.227626149114835,84.87357308346418,48.417879893759,7,1.9505112386688435,4,7,3,3,7,3,Medium
5.405074842498067,8.099917108013816,84.00703858801502,55.20954852300633,8,0.31059733868642025,8,10,8,1,9,9,Heavy
9.870854086995406,6.374127504263237,80.93056891075922,36.1349922734687,5,1.6301721241297233,1,3,6,3,10,9,Medium
3.178497443603504,4.7016916653756,87.63583197788206,95.5870476121744,5,1.6284259565025105,1,3,1,4,5,2,Light
7.049219926652907,5.560767481892984,57.93025526465368,68.76615684986635,4,0.2640393765609663,5,5,5,8,1,8,Medium
7.854576537958458,5.996952630192493,94.04353795994642,51.38670174606165,6,1.3952821358779173,5,5,8,9,2,10,Medium
3.1387378959315972,7.552544827323807,93.5921763872616,57.788706195199836,6,0.44399239516525935,1,10,3,3,4,5,Medium
7.553947137506736,7.139280675679015,51.462364151727954,61.30417783533849,3,3.2329408400368886,6,3,6,6,5,4,Medium
4.3100481944732785,5.958531992438155,91.29083752823814,72.04160333524321,9,3.790752103857883,1,9,5,10,9,10,Medium
6.690752475342215,9.425833868361387,56.44349337367226,66.09755993875484,7,0.2892659010317544,5,4,6,5,1,5,Medium
6.7017673968480524,7.331761506462879,66.7559427129571,94.35743812500921,1,3.8204608291668056,9,3,10,6,3,4,Light
5.821972156672826,5.3047473545479695,87.1754128145804,64.78744380340811,7,2.0903063973469806,5,2,1,4,5,8,Medium
1.8126079304896747,4.559803599412221,58.03799480241541,99.45106103763189,5,1.1982627118154956,6,10,7,10,3,4,Medium
8.51772246030314,4.840725265513826,90.8983512059531,89.59974704215671,5,0.30744830110465404,8,9,9,6,4,10,Medium
3.8870205847456223,5.352767506114795,91.6067088978871,44.59573600501351,2,2.0024970722816713,1,4,2,7,3,6,Medium
2.678666593598688,4.883747552927556,75.37338668804182,95.14166502507413,4,3.1780621779629947,2,3,10,9,4,2,Medium
1.3669762739928752,5.026118632282182,50.31929358584168,38.14564785198333,6,2.8283459090667926,9,7,5,10,1,5,Heavy
6.318036488694176,5.5680234278161596,64.35190665874563,87.22147959438341,10,0.20090404585589505,3,8,10,7,8,6,Medium
7.098079256580542,4.953554774121152,80.84634591878711,56.6436305433606,7,0.29160734147161405,6,2,4,6,4,5,Medium
1.1492904603507053,8.932209835445338,99.05930890137117,91.45820243115486,5,1.6114931305305484,5,7,6,1,7,2,Medium
5.608837524693529,4.4412856011390325,81.59067635083342,90.76396830752152,9,1.181161976191773,2,5,6,2,2,7,Medium
3.0384619767814414,6.884812642636401,62.99017905320799,86.41477800823348,3,0.9295372922241913,7,5,2,1,2,4,Medium
6.806555113685048,6.257182548443138,81.70028515498056,85.3021305414943,1,1.1240179956348544,4,3,2,9,6,8,Light
2.569297861044923,9.403082392997336,76.99926898579278,51.32753973686285,4,3.2139309731875385,1,5,4,10,2,7,Medium
7.218439642922194,4.616213961924288,88.99226975755718,35.66434981358765,9,3.7169122145274156,4,2,1,10,6,7,Medium
4.480618116704837,6.188205794751579,55.34903194134792,58.208612513561306,4,1.6204107781102657,6,4,9,9,2,9,Heavy
9.43056989863061,9.332087383014528,88.05139512510141,42.146716049055605,2,3.6244440085299883,7,6,7,7,4,1,Medium
2.2376884973139393,8.760289192416892,77.06332893380551,78.64657622317232,10,1.2859828049915278,7,1,7,2,7,10,Medium
4.069597159452327,8.493896390221039,98.14960019294973,54.22698085764499,5,1.9057479453751665,7,10,3,6,8,6,Medium
2.021261691165302,5.418465548747169,67.0936083019343,98.29271406019404,3,0.9041159912639989,3,4,3,4,3,6,Medium
9.322242564507064,4.939881730645362,81.6310946566974,74.86804541417324,9,2.561904168703376,6,6,1,1,9,6,Medium
8.896054180428829,7.677537709584371,96.60140527550087,87.57363945440527,4,3.9159244606992356,8,9,3,1,2,6,Light
3.3214746494364005,9.111567940201722,55.12548639953396,39.27672709192939,6,2.4139723841735146,4,2,3,5,8,10,Heavy
6.939856414307611,7.062195911576614,96.86142436182256,90.34101375908358,2,1.4312563364541955,8,7,4,2,8,7,Light
8.354999801810942,7.143869792084449,84.39428611504067,94.59300333593761,6,2.5912697839621135,2,6,4,4,4,10,Light
5.996807304395161,5.5398850151315635,53.39185295525859,64.09433431732552,3,0.49168271386155027,10,2,3,1,1,6,Medium
5.766855205204059,8.232211132555653,65.04817834734081,72.43770564256842,9,3.5546363210615946,9,8,10,4,1,1,Medium
3.1766706181040654,5.028740617066378,85.40860443226407,83.53668606320969,2,2.0123358031193455,9,7,8,6,2,3,Medium
1.837924910253093,5.78023580022334,53.36753007343859,42.23870390822888,9,1.7973989681585683,8,5,8,10,9,2,Heavy
9.074941821579941,6.339900412390293,79.10852300881366,65.17962535244098,5,2.3434591538140768,10,5,1,4,2,6,Medium
9.103762514469974,6.791857082764503,67.29415284764784,57.906411944061915,8,2.49913545115761,10,7,7,1,2,8,Medium
6.697913115459412,5.333253528282942,81.04577588837385,40.246179451357435,2,0.2871032249060521,1,9,2,7,6,3,Medium
4.051268119438307,4.6316025360656194,52.28710169062564,55.727409560407196,6,2.7304688848936096,2,9,1,2,7,10,Heavy
4.142886171513948,7.358410233428979,93.57684030761882,34.77206165698455,3,0.9677267212621183,6,9,3,9,7,8,Heavy
7.533601109832154,5.587468042821406,98.67444845886985,31.80683348646409,10,2.855810530026359,10,6,4,3,9,8,Heavy
9.073992339573193,7.196810217824368,98.44389276428458,39.461640240837596,5,3.290139177536787,5,10,6,8,6,5,Medium
8.983777818386056,4.848994934008113,87.48259158714623,97.41805781124216,8,3.215834030210081,9,6,10,8,8,8,Medium
8.018879912718614,6.646270560201496,56.5043120065316,68.46706751265118,10,2.2100038696315565,5,3,5,3,6,6,Medium
6.77828481538859,6.9292418790337225,87.91315979645113,97.6075512807254,1,2.0806795692430047,2,1,4,4,2,5,Light
1.7572596849554394,4.285029452523348,51.229345822940076,60.27485148310924,5,0.5715038453576469,10,7,8,2,1,9,Heavy
2.454658426851524,5.851323530066563,51.106177576449866,51.82712931596817,3,3.1013846016125424,4,4,4,4,5,7,Heavy
9.086987696743714,4.7392807231643586,66.18051095747705,65.42993039881708,4,1.0856375217868575,9,1,10,9,9,8,Medium
6.457861536936309,4.348562337600223,74.43215952023328,60.76581820430371,2,1.9867816912717862,1,8,2,2,8,1,Medium
1.0827734645496667,9.4447812781447,88.52037089038966,37.39652789832208,9,1.1370963717100668,1,6,3,3,4,2,Heavy
1.913243885794289,5.772946147360976,84.16476883032526,74.85784202831444,3,0.5353134519987726,7,6,6,4,5,8,Medium
6.971515921972502,8.45430945220049,72.29513531883742,45.12267277567197,2,2.5182307875669463,3,2,8,5,5,9,Medium
1.0455542546159682,5.400523601200701,63.68133331408329,73.37115684284808,10,0.21732813929161532,10,1,8,1,6,4,Heavy
2.4472724627574878,7.7482649722316115,99.85622500788556,75.51407646787074,9,2.9945809365048,2,2,9,7,3,10,Medium
5.938604104299275,8.181253229393276,71.30906511179865,40.64173971900537,7,1.2703471810444666,9,4,7,10,5,10,Heavy
7.227056779234239,7.276013073343144,72.56935121648377,34.29447389774677,6,0.0005387720179412803,3,2,2,7,2,9,Medium
6.867651335523405,6.593669037025871,58.181191059583455,84.65331102479078,1,2.044516556948919,2,1,8,9,10,4,Medium
3.018423785145038,6.265125027809977,89.74047743749647,62.18602966385241,5,0.1874076341104125,8,7,7,4,1,10,Medium
7.409612992127823,5.918775465986474,84.68411128907442,34.0714656853833,3,1.1046782312835979,10,8,8,6,1,10,Medium
3.135241787471201,9.112410293363041,61.03848063943802,99.6406422018837,1,2.8279059498228647,6,6,3,2,10,10,Medium
3.9285972834334095,8.568406742832511,54.11905228079213,34.044639269745666,4,0.25075848648746346,6,4,7,4,7,9,Heavy
7.718422646062217,9.307648008665819,84.02496510373565,78.65246602009873,2,3.3573539694240093,10,6,10,2,2,7,Light
6.846696091424932,4.683634729170496,82.72556071405677,98.85752476843895,2,0.015279690634332432,7,3,9,10,4,2,Light
8.6430106944476,8.019771113620044,63.662976349910466,46.742607295114794,3,0.987295476807609,7,8,3,5,5,9,Medium
6.91851603070309,9.16087251251571,97.54317811252051,39.95745580810373,8,2.9636162246082858,6,10,10,7,7,4,Heavy
6.114777430019244,4.9967818639111306,57.55289458904501,38.496945759570025,8,1.2650805989172271,4,2,6,1,2,8,Heavy
1.8430729104528323,4.365729470517277,71.6167400521301,51.22926032973169,7,0.4075695522640541,9,5,2,10,6,7,Heavy
4.309442227534902,8.076163571095325,97.18079600837994,37.073206770745266,6,1.4409356752017115,6,1,2,10,1,7,Medium
3.386821309135529,7.159602122489515,70.98636584630611,78.45129391858924,9,1.0815731455381021,4,6,5,7,7,8,Medium
3.195906790411752,8.630058272170496,81.92629738320429,34.36042586910439,4,3.3708476086422197,3,2,5,10,9,1,Heavy
9.75709499277201,4.768748071444592,69.87971989813971,65.65954897048528,1,1.2533916703405725,4,4,7,6,5,5,Medium
4.537879522000844,8.373970215229395,63.7107601174335,99.76877976970837,8,3.155729887104029,3,6,2,6,5,2,Medium
9.02841899659402,5.108950260262595,99.19888239799141,86.97791886542132,7,3.567488579242939,2,10,7,8,4,2,Light
6.680247633975366,4.900107685761375,70.46670031575215,73.06536067617077,7,1.7352696783061181,5,8,5,8,3,1,Medium
8.153301731874835,4.903461888620461,94.70496018395673,51.43775345506282,3,3.639772575417568,2,8,6,6,9,5,Medium
5.523733837946729,8.480160961272603,61.49773029455431,73.6727085404147,4,1.5092722158527714,6,6,8,3,5,2,Medium
6.192134961637232,7.6585847138291,60.655235201254165,66.89290247381561,10,3.8563136659604327,3,4,10,5,8,4,Heavy
5.432659244369775,6.876859836230157,51.55670414422557,59.82583687232601,9,0.3571580981022917,6,8,4,2,9,3,Heavy
2.7571868901824006,5.9735676626792635,82.58334126879424,39.14972637181396,6,2.748077066012971,10,8,7,5,5,3,Heavy
7.502069037353548,8.824602974472096,68.42631718618806,92.06229506683266,5,1.9752561618277147,9,10,6,9,10,2,Medium
3.526951261967702,6.1584480908244945,93.21791249198185,61.484925417492576,3,1.5505952218225882,1,1,10,10,9,6,Medium
1.2188436978830846,8.491296917093674,73.66049533457786,43.62357582745356,9,2.5308475149944036,6,4,2,1,2,2,Heavy
6.80925066316451,6.415241997136201,98.40967139573608,55.74315456141027,5,2.8154283665373248,9,4,8,10,9,8,Medium
2.5939961146634403,6.0731943618369915,59.27627578515606,58.989082677024896,5,0.01745307860123635,4,7,10,5,4,8,Heavy
9.464127259176228,6.544738821182835,93.43115839778054,87.9276526896812,4,0.6678123549887949,2,7,9,6,6,5,Light
9.585357193023286,5.6575783079027815,88.82984263958708,81.35300663929814,4,2.852184202537275,4,8,5,7,6,10,Light
9.233779511984036,8.111851590969382,88.5460922322026,83.85134255489379,1,2.665541654312826,1,5,10,9,6,7,Light
4.331428302298999,6.764962145508635,92.23916140584438,30.772188510005304,7,3.864190020514709,3,7,4,6,2,4,Heavy
1.1391095487598069,5.277169823307496,88.05119954714993,59.130779872583304,9,3.044151161003132,10,8,6,5,7,1,Heavy
9.354867063289529,8.947660153010126,81.31101608157077,63.69409061447266,3,3.803090830925352,9,9,8,7,6,2,Medium
4.8536573348558285,6.111401717552663,56.56224388411938,31.343459377613968,2,2.810162006139228,10,3,3,1,1,10,Heavy
9.699893371393026,6.989540736126937,51.6263089745626,48.186924612152396,3,1.1922088345577726,5,3,10,5,2,10,Medium
9.672579793803276,8.98559661030501,96.04239239078434,83.22028761854945,1,0.4214596890034259,6,4,1,2,7,4,Light
8.677085099206241,7.4333089775269565,80.8325157260369,39.597679401029936,6,3.1272954533797424,3,5,4,4,1,1,Medium
3.6500400286262713,4.642939223896002,89.82686454880881,67.47170920168142,7,2.5765968859036636,5,10,4,7,1,8,Medium
4.465879557417328,9.169076679874113,74.0761175756275,45.06413104120662,2,0.19274404957318492,8,1,1,5,1,9,Medium
8.660230043651712,7.452394291892798,55.86540944811972,30.84845422507253,8,1.4402018636039133,6,7,9,6,8,4,Heavy
3.852298046406499,5.841980880613974,56.259289610127524,46.8841020319679,6,3.8271992619371447,4,9,3,2,4,10,Heavy
2.5254347201748324,4.76599639964863,84.27826436144858,98.31116284370377,4,2.001604582840805,2,8,5,3,4,3,Light
6.0112113621251515,8.367138540986627,71.51529474497313,86.10759783180927,5,1.7309165440788186,9,5,6,7,2,2,Medium
9.425392967447028,7.410400157606825,60.02623633501683,97.17036510247233,8,1.830798420637176,1,4,8,2,1,5,Light
7.264268170074757,6.9340360058697685,74.57972733707184,64.14978307484537,3,0.8355308960206549,1,7,6,6,10,3,Medium
6.1305505308042845,8.916409206780267,53.21044685375671,37.68153390742525,3,1.4748286834591808,4,5,3,5,9,10,Heavy
1.8745884439369167,8.33728466173492,79.09857009571994,68.35716422815851,4,1.4792530239487065,7,7,6,10,7,7,Medium
6.535065040292528,4.834211838530131,63.449670221754886,61.80641341919726,1,0.2094200807498896,1,1,1,1,4,6,Medium
9.91048465093837,5.714471372875515,89.87795503185941,89.10499579177312,9,3.070270514071673,9,1,4,10,6,1,Light
2.260756137128716,5.3666902689795615,65.51809794617868,36.86578065489712,8,1.666017727615516,4,10,6,4,2,8,Heavy
5.664966871273631,8.091704609149723,72.76100745409006,64.17687959152448,8,3.288719547265693,3,3,7,2,7,2,Medium
8.8963576473516,4.1844283910467865,50.58102699540503,40.5034065285789,10,3.4013920044795816,1,2,10,4,2,5,Heavy
7.66691755978784,7.134393266792241,53.62234438972794,52.7273148823042,6,0.8479762187946323,10,2,3,1,10,9,Heavy
7.273141668957412,8.193522771573798,69.62467782033424,81.61499541714598,7,2.6294139286805143,4,7,9,2,8,8,Medium
7.322356755883983,8.822211002189622,73.99694173585618,63.32126905581366,6,1.8891272166519268,9,10,7,8,8,2,Medium
4.2354203609777965,5.881449617937491,80.00102740596519,56.31217996020385,9,3.5206269516859403,10,2,1,6,1,9,Medium
3.64232659838044,8.51691517569607,64.58312893546517,57.61333949990247,3,0.8629627167058165,6,4,2,2,8,5,Medium
8.284250399306622,4.6084745532536395,84.74909430632712,62.16127378841907,3,2.711252801240177,6,2,1,6,2,10,Medium
8.291020552112627,8.65548760453985,93.00611985946023,84.95115806859398,3,2.4310084890108903,1,6,9,10,6,6,Light
8.803650867220934,4.701187642825904,88.99254944466749,92.4459282258164,10,1.1812059102873311,10,8,9,9,1,3,Medium
9.219164973008242,6.18508009808202,51.980941267417855,96.87342805527499,3,0.5464036146046904,2,10,7,7,5,3,Medium
5.60208158974844,8.385124511787545,74.02534736289145,85.08323703787066,9,2.6065590419091063,6,4,10,9,7,10,Medium
5.513646652184796,4.8245458504182555,55.246508920908745,52.07848270236089,4,2.9543898325293227,2,5,3,5,10,8,Heavy
8.184656610700976,5.260882673779529,62.10225079312637,78.16942942605795,7,1.2625093750534,3,4,5,7,1,10,Medium
6.849675376999887,7.972389126161865,99.33312966335733,60.63221868387743,9,2.579330416089255,4,3,4,7,2,10,Medium
7.31770189531933,7.960200951003409,57.12477714507566,47.82694354322358,7,1.580523630446013,5,5,7,3,7,2,Heavy
8.16213402492491,7.526311980869135,74.9444076725678,88.86101055981459,9,2.852827533130471,9,9,9,7,6,2,Medium
9.010048076358096,7.81671644456905,80.90778671590596,32.68984442736275,3,0.7968610995762124,4,8,2,1,3,5,Medium
4.041956411663822,6.984984438411779,85.12324852720519,93.12333944947964,4,3.5608600105446975,9,8,8,9,10,6,Medium
4.380246573759496,5.38489482398824,77.98243417434571,62.30342252373139,8,1.149638385862319,10,8,9,10,2,2,Heavy
1.845837458567821,5.901327964271557,50.48854237095918,74.60410337657963,6,1.4711439510246116,3,8,10,6,10,5,Heavy
6.204521268965566,4.998787442407841,66.3230654121996,76.15477455440478,5,0.23236780832139914,8,7,10,5,4,7,Medium
1.3234804641706788,8.996478087334957,75.88558216923558,92.65824184945754,4,0.4460488492851056,1,8,9,7,3,10,Medium
5.190382163192141,7.208654871213662,54.39332495724167,74.56687775170451,8,2.0634476108493125,9,8,10,5,7,10,Heavy
5.883801712368189,6.204682792200019,67.53134656045904,72.97535093320433,1,1.070370706911886,9,8,7,10,8,8,Medium
3.5788712691545594,6.54103192004273,51.66015543956833,34.6656428392483,9,3.3419209029687775,10,10,9,5,2,7,Heavy
6.317499345121097,9.210058367864985,53.928924857751035,66.28856153616428,1,0.05877355461981537,2,7,9,10,10,8,Medium
1.2745022494514449,4.843432717138441,69.8461638100798,40.51183005719292,8,1.5163761946877448,4,1,3,7,7,9,Heavy
1.3361336987429298,7.224264076092385,56.63578770215302,81.62036381050399,4,1.3493821870763707,8,4,4,10,8,5,Medium
8.403405045936925,6.782387733864563,78.3770424130779,65.85553445688721,9,0.07731052367040414,7,4,2,7,6,5,Medium
4.241715772701366,7.362998294890563,84.47324845686329,77.61594454458474,5,0.4974735960020409,1,5,10,3,6,10,Medium
2.143544613866963,4.099606011014623,90.02933495545415,32.9171030421669,3,1.654570699674541,5,10,3,3,10,4,Heavy
5.700189340493239,8.796681499192832,60.007512212240506,35.935441123206225,9,1.9714583377897865,7,6,5,10,1,9,Heavy
7.9299419778874976,9.126650553659868,58.37412911295349,80.14263716438776,9,1.6171589890194764,4,4,5,3,4,5,Medium
2.9423892474715885,7.108232509740649,55.228392016720015,35.045903519907135,4,2.1237507136483753,1,2,6,6,1,2,Heavy
6.606014282371002,7.831579531322907,81.82151247718184,34.9879709435681,4,2.380526699622726,9,6,7,6,4,10,Heavy
1.768127184943912,9.073746596475125,85.32378632434506,30.84759326644212,8,0.03969528451134252,5,8,7,3,2,8,Heavy
1.4651354905174694,7.889812488723692,51.5793072412821,96.9550978809636,2,1.8563806378140155,2,8,1,3,5,7,Medium
5.782191684113332,4.838964736028437,96.81061231218449,81.62558516213048,9,3.8539969635503533,8,7,2,8,10,8,Medium
5.865716094490959,7.169585980917472,52.59856418257362,54.72759859514449,6,2.076129120518195,2,6,9,8,9,3,Heavy
6.736869113483859,7.336932755105707,77.06481676505352,50.75749069013587,9,2.7101690698358127,3,2,10,7,10,4,Heavy
7.534822003503954,6.332718692163123,85.45302597254582,54.479226082209465,8,1.2474554316675328,10,7,2,10,3,5,Medium
9.782668715162812,8.050443295935976,93.54845618730428,84.22574718268274,7,3.09596551261105,1,5,6,4,8,6,Light
5.646703134710758,9.139018581229582,85.70434660662139,76.29594277492902,1,3.0916859275044604,2,6,1,4,3,1,Light
3.9066082564712135,9.09062682098727,90.08640415348958,42.96368975072276,3,2.085184190616556,7,10,3,3,6,4,Medium
8.156675752918332,6.479616542722726,66.97250962714031,42.18765347338591,2,3.9040552931168544,10,8,2,5,4,10,Medium
3.437490261358668,4.622809252124154,90.7412556873256,36.88769547993781,5,0.5022008590506135,2,8,3,3,8,5,Medium
4.950742786350725,9.41662659429284,54.00574231923376,76.22119037909367,5,0.06779065955832397,6,3,5,8,6,7,Medium
1.7061074320803935,8.613939475452637,94.74083280302638,83.50608635552152,5,3.080632847028384,3,7,10,7,8,5,Medium
1.2281566907391177,4.685644746617967,77.37961880768681,48.55324998275028,4,3.22862214945953,4,1,6,3,1,1,Medium
9.663835732101326,9.064630354395547,90.86488849812469,31.466147272163898,5,0.48082891648230497,8,1,9,9,6,7,Medium
8.523821084609853,8.784429991341707,72.615914225915,35.75201672334991,3,1.0623313318344243,3,7,10,5,1,8,Medium
7.263767854843282,6.853609314193397,82.17888475982625,97.75020243915213,1,0.07020945346651564,10,10,4,9,1,7,Light
4.680576499728429,7.25201489659711,76.32013304680567,50.68113442341942,5,1.1732344431222588,6,9,7,7,8,4,Heavy
2.559648880637612,6.194514871285716,86.5794760877666,83.84562034866934,9,3.092567495674686,1,7,6,7,7,8,Medium
2.4079333840397745,4.3011890135211726,54.08149910152948,73.72644981979846,9,2.0718421108503158,7,10,2,6,3,5,Heavy
3.252186083481358,5.843584829052455,53.01760419952819,56.73577477570271,4,1.3923823726731523,8,5,10,2,6,10,Heavy
5.943039982355084,8.415693967289062,62.355161700507324,44.398108353688855,3,1.4869571796253211,8,8,8,9,9,9,Heavy
7.431363304300561,4.025476126525316,57.97723400565942,38.497049271158446,1,0.0054145028618726165,3,2,7,6,7,10,Medium
6.941776390459581,5.834245444301293,93.58917832961009,73.05090776272067,2,1.1992021102609436,10,9,7,8,3,5,Medium
3.5194050725134858,6.189927814750188,60.960699367902215,84.22436464464516,8,2.585834966551722,1,6,8,1,6,1,Medium
9.593787525968747,6.955675816158576,98.79326279095656,75.07329774787914,1,3.8967777752654285,9,9,1,5,4,9,Light
7.641072250261916,9.059205890270182,66.84478958855534,67.12114932744109,8,3.388243307935598,6,2,1,1,3,5,Medium
5.989186472602606,5.904902969012786,59.10589578443496,32.93658564021454,7,0.0943798585821165,9,3,8,10,9,6,Heavy
6.5054867161091705,5.9082426104292525,89.48492535712396,97.79421443160686,8,3.5942424186993573,7,8,4,8,10,4,Medium
4.776400561850109,8.056256864603615,82.9353887750438,85.90999341582022,6,3.1327936531945038,1,1,5,8,2,6,Medium
3.229578905510417,6.487198674893939,74.90978582265694,50.497542569067534,9,3.1215044942839216,1,10,8,1,1,8,Heavy
4.2037541078613545,5.235326526169901,77.76817754688156,98.59792305511955,3,1.831983036014286,6,7,5,9,2,3,Light
7.820614994179322,6.488417338729814,85.96008891361319,72.13171127454254,10,1.5920211718180113,5,7,10,2,7,5,Medium
1.1295413976678028,4.774713612088899,61.422737066564935,70.76958607450726,4,1.2116629153327705,9,1,4,9,10,2,Heavy
2.0446537645622462,4.970128425784228,99.8166958028371,82.36512256006725,6,0.2627794358174631,2,9,6,1,1,2,Medium
1.4140237781957747,6.741022750067138,98.73965810733915,86.82388516630962,8,0.9129414539747964,8,8,5,10,6,7,Medium
1.3665592208707311,6.304089972275014,82.51628431734684,75.9535025132052,5,0.9864145399120985,5,4,7,9,7,10,Medium
8.699145256099065,9.03165245587455,59.97712254645725,38.966702245634,3,1.9363082788408064,2,10,10,4,9,10,Heavy
7.332920734420213,5.993166445141482,84.01141212156458,53.67872541961489,6,2.989777626386776,10,5,7,9,8,10,Medium
5.267564461785927,7.193235926529239,53.60992044895879,94.96585482282349,4,1.8952393135917864,6,2,4,7,6,6,Medium
1.8805074458590134,7.477453583557417,51.532625110290304,45.723092829069635,9,0.23137779778864243,10,9,5,6,3,4,Heavy
5.4245428760514915,4.072019511235835,62.884144425560685,56.051691668625935,3,3.8311592039528155,8,6,3,5,8,5,Medium
5.261245937025091,7.649455546091908,73.13114783696582,60.24538180609372,4,3.770897276376449,4,3,4,9,7,1,Medium
2.5588168291901368,4.979197817783633,93.41362527041903,60.758349278611654,7,3.1407581725936335,2,7,4,2,3,7,Medium
4.904664843141758,9.285886746082003,86.3584534883154,72.90577077461678,7,3.9653116062568823,5,9,3,2,9,8,Medium
4.586542609576361,4.817645002642121,87.13532605999904,96.01530864212953,4,2.1779293312010517,2,3,10,9,2,9,Light
6.542650882469948,6.280432680498631,71.27466672240377,46.84848982827535,6,3.8510734010128242,2,2,5,3,3,8,Medium
6.715842857808794,4.469423174432541,67.29674962734815,38.50509634106427,3,0.3024201624670031,6,7,5,8,2,5,Medium
1.4077360879484007,9.48280838515271,68.55193814923014,43.82293429019561,6,1.4627229930454853,10,7,7,9,1,3,Heavy
4.371513531638241,6.762072556821835,99.3824781868029,92.08474301464886,2,0.9015250720270633,9,4,4,8,4,10,Light
6.632739241428127,7.27461759526024,52.005459570624126,75.20675688586442,8,0.7833323365370801,4,9,4,4,5,9,Medium
5.528226327220789,4.368920625636351,93.35157480612243,50.01347524674121,2,0.5632117955707043,6,8,9,1,6,6,Medium
8.7084085706949,8.124782587195478,78.93377042861967,87.11628572780322,7,2.4896545662639866,7,1,6,4,5,5,Light
6.928242684570505,5.154480762025722,71.93077095947953,90.29589974544052,9,3.1252874229892202,6,1,4,9,1,3,Medium
2.466409843732867,8.939298591923926,86.26288302075682,89.25600370831947,1,2.3131935976814426,8,5,2,2,3,6,Light
1.6351187266038685,5.1282680226510395,74.33344707123514,94.32485735476881,8,0.5878508383528387,4,6,6,3,1,3,Medium
6.78177350385684,5.048782463650166,93.67116190408302,47.65687141213531,7,3.2444950797338836,1,3,2,10,5,10,Medium
1.2386017948745964,4.201023173164522,95.03509320056293,82.85293501223947,6,2.543818828654914,7,9,5,8,5,6,Medium
6.2719802314611695,6.5963681981049955,71.08604634367276,62.2377648091898,6,1.552662824507982,3,10,6,6,6,4,Medium
9.462072172824618,7.10662623294439,63.841389861752575,88.9398987023043,6,2.696521182144252,6,6,4,8,8,2,Medium
6.179267600882911,4.361397516855938,79.61751642966811,80.99434740131292,9,1.0396199169713314,2,4,3,7,10,8,Medium
4.493529335858697,8.265401891822558,95.61816728083454,84.35132125498072,2,1.380768833976842,9,7,7,5,1,4,Light
6.789593965981179,6.493088591114152,60.53310945028333,75.93132863767501,1,3.669943372527961,1,8,2,9,4,9,Medium
5.12427601442365,6.88414648130169,81.14832917817414,42.42001386287948,6,1.1620180226856816,6,9,6,4,10,7,Heavy
5.910551103843415,6.424195108160255,81.57801100462603,68.15188432278569,10,1.8799530726317464,6,6,4,6,1,2,Medium
9.473183278988726,6.204196834814293,86.65565112076405,98.92688176671557,8,3.5605645495840585,5,6,6,2,9,4,Light
4.474923740206968,7.078021822195199,56.57838425636299,95.61716465479833,3,2.83088540107011,5,8,4,2,7,5,Medium
9.650715074415228,4.853821352618919,85.79124823410443,33.02216150579082,10,0.248812904658811,1,5,4,2,7,3,Medium
9.148155777604574,5.000604717723991,95.45162603328205,41.5370371010606,1,0.5892121771158814,10,3,4,10,5,9,Medium
2.762120213103668,8.739820915574345,58.984155443512094,39.22101414181933,9,0.03136636308766727,5,3,9,7,7,5,Heavy
1.624251707876489,9.20363504173498,61.87716624619388,80.81859369897069,1,2.5236871609166536,2,6,7,2,2,2,Medium
1.9070020123968399,6.053201239538641,98.56975470208198,87.24497308998616,3,1.7906937016416733,7,2,3,2,4,3,Light
1.1639964308639477,5.4890957022895455,59.04884763547449,44.94579564174703,8,0.5370994036091021,3,6,3,9,7,9,Heavy
1.8499866468033557,7.541997487814587,92.71925466847895,65.40968850662803,3,3.831736484227082,4,6,6,7,3,7,Medium
7.147060960747211,6.248037941039531,74.61389282240174,88.849211960784,4,2.1186388957824795,3,8,6,3,2,2,Light
1.6406978361420608,4.139624956131897,62.36155372015885,81.29610813363755,8,0.9675731764515567,3,7,4,3,10,9,Heavy
3.8707806726438516,4.858839285514047,93.53749506362557,67.95660438442938,1,2.00241428461883,4,8,9,7,2,4,Medium
8.60387779872509,7.937847258660686,72.26526275013327,71.32433833211411,6,2.718481330940431,5,9,4,5,1,9,Medium
1.209447421622433,7.6240816805058325,75.74086769648451,65.58523828413959,1,0.3049568718942579,1,6,9,10,5,2,Medium
8.330216343300421,4.149027958769159,67.96166846998828,50.828391592317445,1,1.098815260191568,4,3,4,6,6,10,Medium
3.5366929729605996,5.220846890631222,79.64754257174637,69.55153950013113,8,3.2278619635359744,8,10,2,8,6,4,Medium
2.0634834485949063,5.270911381234392,58.17619362925114,78.22197114350635,4,1.838659481610645,10,3,2,9,9,5,Medium
7.270634488277356,7.695410089793006,69.55407683258804,91.13260411025654,1,2.1863085681291796,7,1,5,1,4,2,Light
6.660485621018956,4.1084079576490025,98.47061611676438,74.54039477854737,10,1.731264008837877,9,5,4,3,1,10,Medium
8.897248121743477,4.5725972009151565,62.90667163505638,83.27850759302106,7,0.17559977057202047,5,4,7,7,6,1,Medium
7.615639394234972,8.399538469552542,82.8368332270646,41.20501444682011,5,0.6629991192806237,10,9,5,6,5,7,Medium
8.231328373463636,4.981995641298835,66.25950321123474,62.309023209385295,5,1.7821665549675636,4,9,6,7,10,10,Medium
3.538311153141758,7.590103593185311,88.67365628433004,30.653213387896532,1,0.8367418616317113,8,5,10,8,6,1,Medium
2.5969558940175053,5.310005295756996,56.54368303591749,47.26752051651361,10,0.19991611463871495,9,10,4,6,3,8,Heavy
7.755532764767725,4.546927660176398,98.49105225392724,80.85232005791033,6,3.374598656207295,7,4,2,3,2,3,Light
8.261512653405376,5.337447050496998,72.68947706918196,99.42669659445544,9,3.9247701166564632,7,7,10,2,6,10,Medium
9.91454627800606,7.972468125206126,61.8025231673232,36.94246697110511,9,3.1725714959869578,5,6,9,7,1,6,Heavy
4.713559092202838,8.706330574584571,53.67483736650063,58.10460211029017,8,3.415139686818668,4,4,10,1,7,7,Heavy
4.348162772135049,8.566209255118455,58.48789525437704,86.00496780894116,5,0.9679085212681815,10,10,7,3,7,10,Medium
7.987716646677971,6.184509412901502,75.98869742780089,44.28249442402292,1,3.842507902052799,1,2,4,4,10,1,Medium
4.06723186227716,7.6744682511385545,66.85015882156432,68.85594645116004,9,0.7877028178137135,10,1,3,1,7,6,Medium
9.376815930432082,5.127413624787016,91.44416829413046,81.31499072207723,1,3.805719241447329,10,4,10,5,10,7,Light
8.725714766587107,5.612312516435573,71.5443761830903,73.11898151821254,8,3.979277175863804,7,4,3,10,1,6,Medium
4.860946246375165,8.929847001866158,62.435713629381496,43.16173142307913,5,2.846891222984195,1,1,9,3,4,4,Medium
7.757839610123476,4.071510579309048,80.8572493302015,54.87691980800176,3,3.9245749271672876,1,6,5,2,7,1,Medium
7.7908858667621415,4.4702969196995745,85.33886084427229,84.8654249139778,7,2.2781591182684147,5,4,3,3,9,9,Medium
1.9281148195233935,5.1433744033031505,58.35209539504749,68.79585598924116,7,1.0381671327043613,9,1,5,8,5,4,Heavy
9.1229761601161,4.145927121306008,58.380960814415886,30.366072948003893,9,1.7479835426624835,6,1,2,6,2,7,Heavy
5.547271352030714,4.997894892993886,51.83357134667715,83.26935320196657,7,2.374243741515144,3,1,4,7,7,7,Medium
8.438117194969674,7.206728585333307,86.82010075328202,32.47179484581673,3,0.29232624810805996,3,8,10,6,10,2,Medium
3.880446409275506,6.317835028258738,83.19022638109026,82.20136479118625,1,2.4893730584689844,7,10,2,6,1,1,Light
9.059709056465804,8.909694410923361,73.7315437874907,44.173639211566616,8,3.924711347049178,6,8,2,3,7,8,Medium
4.502815108607468,8.495939589561425,92.20852244845986,97.06514360835662,3,0.7604305991349105,9,2,8,8,6,8,Light
1.0975388633226852,5.879995434338317,90.28350764750266,55.75585259114591,8,3.1703804651535332,6,7,1,7,7,7,Heavy
9.148437787773373,5.426828883872108,79.2677182198376,52.88521314366554,8,3.6315951751184774,5,8,7,7,10,8,Medium
1.821580091075202,6.088308244919968,93.41356402566294,40.422163523271124,5,3.7748063712808833,10,8,5,6,3,3,Heavy
3.873822738313734,7.246622183831443,60.292060501838414,51.39229508431504,1,3.840542417621789,7,10,8,5,3,2,Medium
9.550557703457244,5.474350024525819,55.5959809698864,91.36555332797404,10,2.0858385548858878,1,7,1,10,7,7,Medium
9.555464322438006,7.432818993170237,63.48748057584948,99.7434036339073,7,3.9092316319660148,7,5,7,8,2,8,Medium
6.160940993109575,6.251764087051822,52.854342804465745,55.78166713547938,10,3.0292408285377554,3,1,5,5,1,1,Medium
6.686534909528193,7.036259494685892,76.5584764000516,61.40274416681798,5,0.6466857449478476,9,9,4,9,9,10,Medium
5.036009697804878,6.398695910244242,96.83028461474808,80.54496567419159,8,1.90760042587188,6,7,7,9,9,9,Medium
3.638896945282581,5.619561677480547,51.967177033425486,92.03370463255521,9,2.873324701488016,9,2,10,1,7,4,Medium
3.957980908329244,9.216493188291862,56.105495700501336,71.51310339307489,7,0.9893612632763333,5,6,2,6,7,4,Medium
7.052666104693346,8.199831867878684,72.60995141417176,57.40679887244805,7,2.5624607341955494,7,2,1,7,3,3,Medium
7.77137076493912,4.770622466715489,96.69375087639524,58.88352885940366,1,2.666401916186477,4,1,1,3,10,6,Light
8.124211393532637,8.77657386743852,65.80780524883752,78.69327025477648,4,0.6507989752342636,7,7,1,7,2,1,Medium
8.106563285150985,6.680871590372325,75.36174043441963,30.22527845229951,2,2.260341249811025,1,2,5,7,7,6,Medium
1.8208549274382133,8.920037247917502,52.0786429525196,73.37125362218885,2,3.0865076439144308,7,2,10,2,9,2,Medium
5.449782742323233,8.399203907710234,57.41716004810444,54.884510730895016,2,1.9955826581437677,8,5,7,7,1,9,Medium
1.5180288401497986,6.338674274580784,99.33150614794235,85.59381318939589,4,0.0484124671044297,5,5,2,1,4,2,Light
5.94575994091362,4.123581195760646,98.25593482180227,36.50934478761925,1,0.03615387631716871,2,7,10,5,6,7,Medium
4.973774512360393,5.477725476617204,50.24699904672048,71.17415868638733,4,1.4281173758800487,5,1,8,9,7,1,Medium
8.989337644824698,6.978988180634769,97.59058927116195,63.668102292028664,2,3.704776273727128,6,8,4,7,10,7,Medium
4.158235112968708,7.48413020904381,81.95599689077503,74.96278681336591,5,0.9147071184144351,2,3,3,7,7,5,Medium
2.053603147848453,5.4183822698826125,93.39591472600111,34.53975161380778,3,2.5374547554867486,6,4,10,2,10,8,Heavy
2.2869251384755227,4.766458407400533,72.73699278169295,70.59886511996919,8,0.8883034827732823,6,9,8,8,2,4,Heavy
7.85359568545725,8.592116302396146,75.77980142896251,69.30392115716666,4,1.2866799586381945,1,4,2,3,4,10,Medium
6.56396256984635,9.414211993869536,74.44232901284602,69.24620660913197,1,3.392168358405936,1,10,3,8,5,7,Medium
1.9101040851051123,6.891296002664772,83.34321287730522,72.24413666175184,1,2.9154457690797875,10,5,3,3,1,6,Medium
1.756961255034977,4.944236072165669,56.98256273781564,77.35275560584535,10,0.3815971092528425,3,7,10,10,1,5,Heavy
7.30872218313208,5.497690295856529,51.4986794936339,86.34922997765389,3,1.7148080839457345,10,4,1,7,10,4,Medium
1.6548670572777417,4.101148721011067,65.39649707955954,48.887450408975,9,0.11667905458105787,10,1,6,2,3,7,Heavy
8.396740533613206,9.028643436082746,85.23403813683234,87.75345871260434,7,1.923560586412036,3,9,2,4,10,5,Medium
7.3561800444084655,4.647630955895776,60.09267260614742,64.87789775844175,2,2.6497360468042723,4,4,1,6,3,5,Medium
1.7321390257770979,7.170840615328395,83.67162166624587,35.39407953940318,9,0.47401049439260623,2,9,2,9,8,1,Heavy
1.7635394267667273,5.507303713779633,98.49560230536352,34.098565047078544,10,1.1555397556366627,9,6,6,5,9,2,Heavy
9.87975620651058,7.047979013836864,54.69503578947092,53.39668230872425,2,1.5913465020086277,10,1,4,9,1,5,Medium
4.368437161805083,7.582812135935253,83.63010591125632,84.94278839780273,3,3.678124098624199,7,3,6,5,2,3,Light
4.335779323602019,8.563579920389609,72.18751096522855,79.5376654318641,10,3.973020061691856,7,2,9,10,10,2,Heavy
8.315196105317522,5.1353169946833175,93.40711271887527,85.20304752706845,2,0.17964519598246342,6,9,10,8,2,4,Light
9.525237196454729,4.060477057621642,58.857489472369295,66.20883395091266,3,3.044031693981568,3,1,10,1,4,4,Medium
9.874009574405838,4.75287096537844,84.63129761130823,60.81392985688434,6,1.486896265609373,6,9,8,7,2,4,Medium
7.780403667330475,8.950102530164578,91.90576448240552,40.32167686943988,9,1.5698327449179201,8,9,1,4,7,4,Medium
4.386336269778242,8.806395426593834,97.23071097370116,52.97349275265181,9,3.0170598933880908,8,8,8,5,9,3,Heavy
1.7515064502880189,7.2857720619366955,84.16240141448229,60.381355632171264,7,3.6737057285816346,9,8,9,6,7,7,Heavy
7.994322243346931,7.302842732385093,74.85873820042136,36.202030077573205,3,3.8037143780101936,1,1,6,5,6,9,Medium
6.025638247622245,7.657701710004405,80.8923620100607,45.442836689784784,4,2.308490344153283,1,8,10,1,10,5,Medium
4.817998083222786,4.964542032428973,93.44524922393592,71.87577058446172,6,1.4284846372020112,3,10,5,9,1,4,Medium
9.157189465852625,9.029265702587278,78.53048733194149,81.49641799674329,5,3.150196343435117,3,3,6,2,10,2,Light
2.000777340755362,6.303237886906402,51.519352984841845,99.88432579750648,2,1.004005533049201,10,7,6,9,9,2,Medium
5.433625938617732,6.107261905372236,96.54743477534889,95.31793319404903,6,2.256296115334071,8,1,9,10,5,5,Medium
1.1021828029067717,6.854047379055606,84.47633755157806,74.9795639674634,3,1.4343138460994926,10,1,4,2,5,7,Medium
5.217945777947136,4.258312817262802,83.82566928886233,59.487363730585045,8,2.6265242948315044,1,10,2,9,6,10,Medium
1.5067294811365362,4.9145585281584365,60.78375761988586,74.5324155295763,2,0.9615956515740276,2,5,9,6,9,10,Medium
2.0693612464126474,8.059184890345037,82.94427351163286,84.99561326561624,1,0.7663717829393031,2,5,2,9,8,9,Medium
2.057736220993944,4.455392673588196,69.69322028270793,38.28353336463711,9,3.6729563467017483,3,8,10,6,8,7,Heavy
6.842892719044572,7.317336602065135,82.5616488520746,58.693342278740175,3,0.4072147317981476,6,7,9,6,8,5,Medium
7.71440391338881,5.349420103247265,55.32965151539953,88.7861599944932,1,2.0238316309397266,1,8,2,2,1,10,Light
6.250318885874437,6.141125877230871,82.89226523015179,56.868306635313076,7,0.8834111318520357,2,6,8,8,1,10,Medium
9.659552936270877,5.587815552238849,99.97068628853333,70.03105898590306,10,0.1557198533026698,1,6,9,3,8,10,Medium
4.373835215713337,5.95619994055722,52.4106019430278,71.14385526035387,5,0.14407527316570556,5,2,10,7,5,6,Medium
3.571408776536747,7.954752478513351,98.85870921106587,42.91333771935476,5,0.7008870884233094,7,6,9,5,9,3,Medium
8.817392153705143,5.634169435927463,70.34539803614354,55.356480915660185,1,3.467081418024001,8,5,10,3,2,5,Medium
3.0123625466750736,7.115225521632935,93.53767251686295,53.415790211935246,9,1.1299149759081066,10,3,9,1,9,8,Heavy
9.669002854965502,6.618277212095048,89.11927420291367,31.833769597244537,7,3.801836682301183,1,6,2,8,8,1,Medium
1.109390272208347,7.650191409494565,78.3508130493334,31.693423472394866,8,2.326489171956774,7,8,4,3,9,1,Heavy
9.728909440368751,9.152563566286169,86.92246046256633,88.21879305730414,9,1.7464567590750644,5,9,7,2,4,7,Medium
1.388439207555185,8.029146534656377,93.92577806506739,49.11495669809687,6,2.3203553386778184,10,1,2,1,1,5,Medium
9.02028802328264,5.182172082249162,70.20701608255165,66.26551363671709,5,2.066793540905071,1,3,1,4,1,5,Light
5.749309981776698,4.171507242837066,66.35165807816193,50.910790151214115,6,3.0351050150293006,3,3,3,8,5,1,Medium
9.936683165073703,5.442452243649038,83.37966927817924,95.84754715807384,2,1.129984263891409,7,8,4,3,2,9,Light
1.6641690826185898,7.2729286188514015,90.39229709706294,48.150773120604164,4,1.4122015664012095,10,1,8,1,8,1,Medium
5.984688559611887,4.282841974163377,88.11425673883079,60.07597689172546,3,3.576377210133003,1,5,6,4,10,5,Medium
9.72372282057189,6.7300143596068,89.89068244293173,91.09111753392213,7,3.785826052601622,7,3,2,9,5,10,Light
5.707880597531339,7.282635669042891,71.77916574064665,88.93534967542661,9,3.570232909945898,5,2,9,1,5,9,Medium
6.664587743217362,5.8383413994932845,90.89171080875107,43.02709924923941,5,1.6777919758292543,1,8,2,2,2,4,Medium
7.261738200861554,8.24001712060202,56.01045276853042,86.18503168569973,6,3.1214620120275267,1,3,5,9,7,8,Medium
5.090869582909959,4.586290392235745,77.22445489804248,62.073082071652486,10,1.9053429332043952,1,7,4,2,8,6,Medium
6.648022720756571,4.413257799546948,50.28793302490608,63.80782104597486,2,1.9901594085844088,9,1,7,3,10,3,Medium
6.258828807307902,8.005038159119819,66.22929149501351,39.34359806911606,3,0.8187204362291358,3,6,8,7,1,4,Medium
9.110422094418901,6.7252022391340915,68.32307674356989,35.64210596299873,3,2.364521213034066,5,3,5,3,2,2,Medium
1.409017423073121,7.786213180352548,69.80863458046277,80.95575148816357,9,0.7445435910133917,10,8,10,9,10,1,Heavy
3.528668706330073,6.391550362320604,84.7733603344931,64.75228066487098,7,1.326258796268775,9,6,5,6,4,8,Medium
9.553703356689029,5.355211182815087,69.42790506351729,60.57954918306257,8,3.4201208064797406,6,2,2,3,5,1,Medium
9.012374055018247,8.505062747208099,72.43468113112652,81.06557600566777,10,0.8283032368434209,9,6,8,9,2,1,Medium
5.100910775071417,8.396787334329385,61.87720654371637,83.58590292937768,9,0.28463314069373125,8,7,2,1,1,4,Medium
6.581193380213831,7.820830589699347,68.662589581467,41.12357173685475,6,0.2760303704512652,8,5,10,10,9,10,Heavy
3.496430646830194,5.496798254764795,61.363481363157575,72.71576046343489,4,3.7631380820124316,1,3,6,3,1,10,Medium
2.6930904375138516,7.2462686677799795,53.659796188422185,39.474785759437985,1,2.0276817518473385,9,4,8,1,4,6,Heavy
5.173285644459839,5.985356433170147,80.17242966906889,82.5962560220332,8,1.6376482872680733,6,4,6,2,2,9,Medium
4.180170052234475,4.503701403296488,83.41063992775082,75.98686093869976,7,3.2435143240316737,9,6,4,8,4,1,Medium
6.252905006657849,9.045224665042335,80.97451730048073,96.96302347584206,2,3.343303711642064,3,10,4,7,8,7,Light
1.6996117326848634,4.752502470054288,73.17470219002863,34.82706114494948,8,1.3287641324624184,3,1,6,2,8,10,Heavy
9.769553268995498,9.226305446014413,68.98928900896149,33.9938304805878,5,2.774472229895181,6,4,4,2,9,5,Medium
9.875896700316426,6.453031751268757,93.16668247859127,49.75309522852401,7,3.0844912634075463,9,10,8,9,5,8,Medium
